{
    "RandomForest": {
        "accuracy": 0.9637742531567601,
        "f1_score": 0.9581051600552069,
        "precision": 0.9730511846626877,
        "recall": 0.9436113303516619,
        "roc_auc": 0.961581277609784,
        "log_loss": 0.10345224076016267
    },
    "DecisionTree": {
        "accuracy": 0.9479519556513705,
        "f1_score": 0.9408315098468272,
        "precision": 0.9390233248886171,
        "recall": 0.9426466719284399,
        "roc_auc": 0.9473749382424056,
        "log_loss": 1.8760016700834
    }
}