{
    "accuracy": 0.9636202648598706,
    "f1_score": 0.95792707359423,
    "precision": 0.9728703201302225,
    "recall": 0.943435937911076,
    "roc_auc": 0.9614249613387124,
    "log_loss": 0.10088696188089527
}